Site_Name,Combined_Name_Year_Range,Combined_Name_Year_Lat_Lon,Lat,Lon,Date,Q,Q_2w,Q_1m,WaterTemp,DO,SpecCond.,Salinity,NTU,pH,NH4,NO3,OrgC,Total_OrgC,OrgN,PO4,TP,TDS,Microcystis_totbvL,Microcystis_CC,ToxinProdc_Microcystis_CC,Microcystin
AT_DWR_Site_D12_EMP_Site,AT_DWR_Site_D12_EMP_Site_2014-2015,AT_DWR_Site_D12_EMP_Site_2014_38.0232_-121.8071,38.0232,-121.8071,7/14/2014,20.0647,30.5923,90.0223,22.63,7.96,2910,1.49,15.1,8.17,0,0.3,2.4,2.7,0.3,0.08,0.12,1639,64600000000,261758,173314,1.54
AT_DWR_Site_D12_EMP_Site,AT_DWR_Site_D12_EMP_Site_2014-2015,AT_DWR_Site_D12_EMP_Site_2014_38.0232_-121.8071,38.0232,-121.8071,7/28/2014,65.2032,95.654,75.278,22.76,7.61,4214,2.22,16.9,7.88,0.04,0.31,2.3,2.6,0.4,0.08,0.11,2398,4720000000,18700,11175,0.62
AT_DWR_Site_D12_EMP_Site,AT_DWR_Site_D12_EMP_Site_2014-2015,AT_DWR_Site_D12_EMP_Site_2014_38.0232_-121.8071,38.0232,-121.8071,8/11/2014,90.3902,78.7872,147.2449,22.08,8.08,4448,2.35,16.8,7.75,0.04,0.3,2.5,2.6,0.4,0.09,0.13,2452,9490000000,36500,16333,0.42
AT_DWR_Site_D12_EMP_Site,AT_DWR_Site_D12_EMP_Site_2014-2015,AT_DWR_Site_D12_EMP_Site_2014_38.0232_-121.8071,38.0232,-121.8071,8/25/2014,98.6538,147.5562,98.2576,21.15,8.35,4164,2.19,13.1,8.03,0.02,0.24,3,2.6,1.6,0.06,0.12,2322,6760000000,95500,72439,0
AT_DWR_Site_D12_EMP_Site,AT_DWR_Site_D12_EMP_Site_2014-2015,AT_DWR_Site_D12_EMP_Site_2014_38.0232_-121.8071,38.0232,-121.8071,9/11/2014,-37.6673,53.5436,45.3083,20.65,8.25,5404,2.89,21.2,7.83,0.03,0.32,2.1,2.1,0.4,0.09,0.12,3020,4530000000,13800,23857,1.06
AT_DWR_Site_D12_EMP_Site,AT_DWR_Site_D12_EMP_Site_2014-2015,AT_DWR_Site_D12_EMP_Site_2014_38.0232_-121.8071,38.0232,-121.8071,9/29/2014,-46.1856,-43.3839,-28.7811,20.75,8.05,7295,4,8.2,8.02,0.05,0.34,2.4,2.5,0.4,0.1,0.11,4112,851000000,16000,5472,0.64
AT_DWR_Site_D12_EMP_Site,AT_DWR_Site_D12_EMP_Site_2014-2015,AT_DWR_Site_D12_EMP_Site_2014_38.0232_-121.8071,38.0232,-121.8071,10/13/2014,-50.6853,-42.0255,-62.826,20.34,8.04,7682,4.23,7.3,7.86,0.04,0.36,2.1,2.1,0.3,0.11,0.11,4232,597000000,20600,2008,0.31
AT_DWR_Site_D12_EMP_Site,AT_DWR_Site_D12_EMP_Site_2014-2015,AT_DWR_Site_D12_EMP_Site_2014_38.0232_-121.8071,38.0232,-121.8071,10/27/2014,11.6879,-16.0461,-28.7528,18.62,8.41,8249,4.56,5.9,7.54,0.05,0.41,2.2,2.3,0.2,0.1,0.11,4660,988000000,12500,6836,0
AT_DWR_Site_D12_EMP_Site,AT_DWR_Site_D12_EMP_Site_2014-2015,AT_DWR_Site_D12_EMP_Site_2014_38.0232_-121.8071,38.0232,-121.8071,11/10/2014,-51.0815,57.8169,-19.0176,17.39,8.26,6882,3.75,8.7,7.53,0.05,0.45,1.9,2,0.3,0.09,0.1,3796,157000000,19200,4024,0
AT_DWR_Site_D12_EMP_Site,AT_DWR_Site_D12_EMP_Site_2014-2015,AT_DWR_Site_D12_EMP_Site_2014_38.0232_-121.8071,38.0232,-121.8071,11/24/2014,-10.5842,-39.054,7.3863,14.64,8.89,6275,3.4,11.5,7.66,0.1,0.55,1.9,2,0,0.09,0.1,3548,49300000,6390,624,0
AT_DWR_Site_D12_EMP_Site,AT_DWR_Site_D12_EMP_Site_2014-2015,AT_DWR_Site_D12_EMP_Site_2014_38.0232_-121.8071,38.0232,-121.8071,12/10/2014,-21.5929,-15.9329,-51.0815,14.11,8.09,2854,1.46,15,7.43,0.17,0.61,2.8,3,0.4,0.07,0.09,1579,479000,1710,480,0
AT_DWR_Site_D12_EMP_Site,AT_DWR_Site_D12_EMP_Site_2014-2015,AT_DWR_Site_D12_EMP_Site_2015_38.0232_-121.8071,38.0232,-121.8071,8/14/2015,102.2479,141.6981,79.0985,22,8.99,5254,2.81,22.8,7.96,0.04,0.27,2.3,2.4,0.25,0.09,0.12,2944,840000000,3127,3123,0.269349413
AT_DWR_Site_D12_EMP_Site,AT_DWR_Site_D12_EMP_Site_2014-2015,AT_DWR_Site_D12_EMP_Site_2015_38.0232_-121.8071,38.0232,-121.8071,8/27/2015,116.9639,116.6809,73.9762,21.57,9.18,3904,2.04,11.4,7.92,0.019,0.274,2.3,2.5,0.33,0.075,0.09,2224,1940000000,7387,2031,0
AT_DWR_Site_D12_EMP_Site,AT_DWR_Site_D12_EMP_Site_2014-2015,AT_DWR_Site_D12_EMP_Site_2015_38.0232_-121.8071,38.0232,-121.8071,9/28/2015,106.0684,45.8177,136.0381,21.23,7.95,7677,4.22,9.8,7.55,0.02,0.37,2.1,2.2,0.32,0.09,0.12,4628,302000000,4994,2699,0.421547484
AT_DWR_Site_D12_EMP_Site,AT_DWR_Site_D12_EMP_Site_2014-2015,AT_DWR_Site_D12_EMP_Site_2015_38.0232_-121.8071,38.0232,-121.8071,10/14/2015,5.3487,41.7142,24.5361,20.64,7.98,8023,4.43,50.7,7.41,0.03,0.23,2,2.1,0.2,0.07,0.15,4476,146000000,272,94,0
AT_DWR_Site_D12_EMP_Site,AT_DWR_Site_D12_EMP_Site_2014-2015,AT_DWR_Site_D12_EMP_Site_2015_38.0232_-121.8071,38.0232,-121.8071,11/17/2015,-24.3663,-32.0073,-2.0942,13.5,9.28,5589,3,13,7.73,0.07,0.5,3.2,2.4,0.23,0.08,0.13,3172,107000000,94,11,0
AT_DWR_Site_D12_EMP_Site,AT_DWR_Site_D12_EMP_Site_2016-2019,AT_DWR_Site_D12_EMP_Site_2016_38.02161_-121.8063,38.02161,-121.8063,7/11/2016,-74.4573,-53.1757,-35.7429,21.66,8.2,1912,0.95,19.8,7.64,0.06,0.24,1.9,2.1,0.2,0.06,0.09,997,1140000000,2748,1680,0
AT_DWR_Site_D12_EMP_Site,AT_DWR_Site_D12_EMP_Site_2016-2019,AT_DWR_Site_D12_EMP_Site_2016_38.02161_-121.8063,38.02161,-121.8063,8/8/2016,-50.9683,-59.4017,-37.7239,21.26,8.22,1925,0.96,21.4,7.68,0.05,0.21,1.9,2,0.1,0.06,0.09,1011,4130000000,43620,504,0
AT_DWR_Site_D12_EMP_Site,AT_DWR_Site_D12_EMP_Site_2016-2019,AT_DWR_Site_D12_EMP_Site_2016_38.02161_-121.8063,38.02161,-121.8063,9/6/2016,-58.0433,-93.0504,-22.4702,20.4,8.1,3731,1.94,17.9,7.6,0.08,0.26,1.8,1.8,0.3,0.07,0.1,2100,3980000000,2458,250,0
AT_DWR_Site_D12_EMP_Site,AT_DWR_Site_D12_EMP_Site_2016-2019,AT_DWR_Site_D12_EMP_Site_2017_38.02161_-121.8063,38.02161,-121.8063,6/15/2017,69.3633,216.778,259.9072,19.24,8.9,122,0.05,9.4,7.45,0.06,0.16,2.2,2.2,0.3,0.05,0.05,77,0,86,58,0
AT_DWR_Site_D12_EMP_Site,AT_DWR_Site_D12_EMP_Site_2016-2019,AT_DWR_Site_D12_EMP_Site_2017_38.02161_-121.8063,38.02161,-121.8063,7/14/2017,50.7136,99.3047,39.6766,22.41,8.55,369,0.16,18.3,7.77,0.04,0.02,2.5,2.7,0.3,0.04,0.07,201,0,43,37,0.282095236
AT_DWR_Site_D12_EMP_Site,AT_DWR_Site_D12_EMP_Site_2016-2019,AT_DWR_Site_D12_EMP_Site_2017_38.02161_-121.8063,38.02161,-121.8063,8/14/2017,-58.8357,-19.7251,-26.2624,22.49,8.07,813,0.38,10.4,7.72,0.06,0.23,2.1,2.1,0.2,0.07,0.07,442,2830000,62,27,0.310440867
AT_DWR_Site_D12_EMP_Site,AT_DWR_Site_D12_EMP_Site_2016-2019,AT_DWR_Site_D12_EMP_Site_2017_38.02161_-121.8063,38.02161,-121.8063,9/12/2017,-52.8927,-46.6384,-56.7132,23.22,7.83,592,0.27,12.7,7.46,0.06,0.26,2.2,2.2,0.1,0.08,0.08,319,1330000,2283,2436,0.271030985
AT_DWR_Site_D12_EMP_Site,AT_DWR_Site_D12_EMP_Site_2016-2019,AT_DWR_Site_D12_EMP_Site_2017_38.02161_-121.8063,38.02161,-121.8063,10/10/2017,-66.2503,-24.3663,-21.6212,17.59,8.7,670,0.31,19.2,7.48,0.07,0.23,1.9,1.9,0.2,0.06,0.07,349,272000,23,17,0
AT_DWR_Site_D12_EMP_Site,AT_DWR_Site_D12_EMP_Site_2016-2019,AT_DWR_Site_D12_EMP_Site_2017_38.02161_-121.8063,38.02161,-121.8063,11/13/2017,127.7179,-5.2921,78.8721,15.5,9.09,812,0.38,8.8,7.54,0.07,0.4,1.7,1.8,0.2,0.06,0.06,454,0,188,66,0
AT_DWR_Site_D12_EMP_Site,AT_DWR_Site_D12_EMP_Site_2016-2019,AT_DWR_Site_D12_EMP_Site_2018_38.02161_-121.8063,38.02161,-121.8063,7/19/2018,-62.8826,15.6216,-9.7352,21.76,8.46,2537,1.29,19.9,7.8,0.06,0.31,2.1,2.3,0.2,0.08,0.09,1400,792000000,336,144,0
AT_DWR_Site_D12_EMP_Site,AT_DWR_Site_D12_EMP_Site_2016-2019,AT_DWR_Site_D12_EMP_Site_2018_38.02161_-121.8063,38.02161,-121.8063,9/14/2018,-76.4666,-28.6396,-67.4672,19.74,8.34,3561,1.85,12,7.77,0.05,0.224,2,2,0.13,0.071,0.08,1780,1420000000,4945,194,0
AT_DWR_Site_D12_EMP_Site,AT_DWR_Site_D12_EMP_Site_2016-2019,AT_DWR_Site_D12_EMP_Site_2018_38.02161_-121.8063,38.02161,-121.8063,10/15/2018,-5.9147,-67.2125,-71.7122,17.59,8.8,4740,2.51,13.7,7.68,0.07,0.33,1.7,1.7,0.1,0.081,0.1,2620,306000000,3087,145,0
BI_DWR_Site,BI_DWR_Site_2014-2015,BI_DWR_Site_2014_38.1159_-121.6845,38.1159,-121.6845,7/14/2014,-51.8739,-12.4237,-17.1498,23.6,8.21,728,0.34,8.7,7.87,0,0.22,2.4,2.5,0.3,0.07,0.13,409,3.16E+11,36900,27696,4.02
BI_DWR_Site,BI_DWR_Site_2014-2015,BI_DWR_Site_2014_38.1159_-121.6845,38.1159,-121.6845,7/28/2014,-20.9137,-10.9238,-12.4803,23.13,8.09,1383,0.67,11.4,7.84,0.02,0.28,2.5,2.5,0.3,0.08,0.1,770,7760000000,37500,21484,2.15
BI_DWR_Site,BI_DWR_Site_2014-2015,BI_DWR_Site_2014_38.1159_-121.6845,38.1159,-121.6845,8/11/2014,-25.9511,-15.565,-12.7633,23.06,7.53,1337,0.65,11.6,7.89,0.02,0.39,2.3,2.4,0.3,0.08,0.11,739,56300000000,50600,24014,0.41
BI_DWR_Site,BI_DWR_Site_2014-2015,BI_DWR_Site_2014_38.1159_-121.6845,38.1159,-121.6845,8/25/2014,20.1779,3.8205,-9.6786,21.88,8.42,1290,0.62,9.8,7.85,0.01,0.27,3.1,2.6,0.2,0.08,0.1,710,1490000000,165000,110334,0.65
BI_DWR_Site,BI_DWR_Site_2014-2015,BI_DWR_Site_2014_38.1159_-121.6845,38.1159,-121.6845,9/11/2014,-64.2693,-21.3382,-45.5064,21.6,8.23,945,0.45,14.6,7.73,0.03,0.34,1.9,2.2,0.5,0.08,0.1,525,3960000000,90400,89988,1.14
BI_DWR_Site,BI_DWR_Site_2014-2015,BI_DWR_Site_2014_38.1159_-121.6845,38.1159,-121.6845,9/29/2014,-70.6934,-60.4771,-52.638,21.22,8.1,1509,0.74,13.1,7.86,0.04,0.34,2.4,2.6,0.3,0.09,0.11,831,3130000000,107000,8832,5.22
BI_DWR_Site,BI_DWR_Site_2014-2015,BI_DWR_Site_2014_38.1159_-121.6845,38.1159,-121.6845,10/13/2014,-65.3164,-57.9867,-68.0049,20.32,8.22,2869,1.47,17,7.69,0.04,0.4,2.3,2.4,0.2,0.09,0.11,1613,995000000,50100,22289,0
BI_DWR_Site,BI_DWR_Site_2014-2015,BI_DWR_Site_2014_38.1159_-121.6845,38.1159,-121.6845,10/27/2014,-28.9792,259.6808,-61.2695,18.78,8.35,2303,1.16,9.7,7,0.1,0.49,2.2,2.4,0.1,0.09,0.11,1301,207000000,30700,5232,0
BI_DWR_Site,BI_DWR_Site_2014-2015,BI_DWR_Site_2014_38.1159_-121.6845,38.1159,-121.6845,11/10/2014,-63.3354,-11.5181,-36.8749,17.01,8.26,1503,0.73,20,7.49,0.09,0.5,2,2.2,0.1,0.08,0.1,833,700000000,7420,2139,0
BI_DWR_Site,BI_DWR_Site_2014-2015,BI_DWR_Site_2014_38.1159_-121.6845,38.1159,-121.6845,11/24/2014,-20.1779,-52.8361,-51.9305,14.26,9.16,1500,0.73,9,7.7,0.13,0.58,2.1,2.2,0,0.08,0.09,830,38800000,2740,576,0
BI_DWR_Site,BI_DWR_Site_2014-2015,BI_DWR_Site_2015_38.1159_-121.6845,38.1159,-121.6845,8/14/2015,-16.3574,-18.5931,-32.0073,23.6,9.46,1840,0.91,7.6,7.9,0.02,0.24,2.4,2.6,0.21,0.06,0.1,1024,2110000000,11874,100,0.312532526
BI_DWR_Site,BI_DWR_Site_2014-2015,BI_DWR_Site_2015_38.1159_-121.6845,38.1159,-121.6845,9/16/2015,-34.243,-92.4561,-116.3413,21.22,8.78,3635,1.89,9.9,7.93,0.02,0.3,2.2,2.4,0.29,0.06,0.11,2076,398000000,7757,349,0
BI_DWR_Site,BI_DWR_Site_2014-2015,BI_DWR_Site_2015_38.1159_-121.6845,38.1159,-121.6845,9/28/2015,-35.4033,-48.4496,-18.5365,21.74,10.7,2822,1.44,10.4,7.7,0.03,0.36,2.2,2.3,0.21,0.08,0.12,1567,104000000,13824,666,0.344561399
BI_DWR_Site,BI_DWR_Site_2014-2015,BI_DWR_Site_2015_38.1159_-121.6845,38.1159,-121.6845,10/14/2015,-51.3079,-56.883,-67.0993,20.9,8.34,2259,1.14,11.2,7.59,0.05,0.43,2.7,2.1,0.17,0.09,0.13,1276,132000000,798,21,0
BI_DWR_Site,BI_DWR_Site_2014-2015,BI_DWR_Site_2015_38.1159_-121.6845,38.1159,-121.6845,11/17/2015,-30.3093,-37.356,-40.3558,13.6,9.51,1739,0.86,12.7,7.66,0.11,0.61,2.2,2.2,0.21,0.09,0.14,957,12300000,143,13,0.27707714
CV_DWR_Site_D4_EMP_Site,CV_DWR_Site_D4_EMP_Site_2014-2015,CV_DWR_Site_D4_EMP_Site_2014_38.0602_-121.824,38.0602,-121.824,7/14/2014,77.6835,96.786,181.1483,22.23,8.16,6013,3.25,18.5,7.73,0.03,0.36,2.5,2.6,0.4,0.09,0.13,13648,41800000000,4090,4558,0.36
CV_DWR_Site_D4_EMP_Site,CV_DWR_Site_D4_EMP_Site_2014-2015,CV_DWR_Site_D4_EMP_Site_2014_38.0602_-121.824,38.0602,-121.824,7/28/2014,152.7917,219.6929,177.1014,21.88,7.44,7388,4.05,17.2,7.42,0.04,0.37,2.3,2.5,0.4,0.09,0.12,5040,8160000000,14500,5556,0.29
CV_DWR_Site_D4_EMP_Site,CV_DWR_Site_D4_EMP_Site_2014-2015,CV_DWR_Site_D4_EMP_Site_2014_38.0602_-121.824,38.0602,-121.824,8/11/2014,235.7107,187.2611,334.506,21.48,8.12,5983,3.23,14.3,7.79,0.02,0.26,2.3,2.5,0.4,0.07,0.12,3416,2350000000,95200,12896,2.87
CV_DWR_Site_D4_EMP_Site,CV_DWR_Site_D4_EMP_Site_2014-2015,CV_DWR_Site_D4_EMP_Site_2014_38.0602_-121.824,38.0602,-121.824,8/25/2014,222.8059,358.9006,229.7111,20.62,8.45,5954,3.21,10.8,7.94,0.02,0.3,3,2.4,0.2,0.06,0.12,3362,1130000000,102000,2224,0
CV_DWR_Site_D4_EMP_Site,CV_DWR_Site_D4_EMP_Site_2014-2015,CV_DWR_Site_D4_EMP_Site_2014_38.0602_-121.824,38.0602,-121.824,9/11/2014,-33.5072,139.0096,141.4151,20.31,8.06,7223,3.95,17.8,7.76,0.03,0.35,1.8,2,0.4,0.09,0.12,4008,3410000000,27300,12432,0.64
CV_DWR_Site_D4_EMP_Site,CV_DWR_Site_D4_EMP_Site_2014-2015,CV_DWR_Site_D4_EMP_Site_2014_38.0602_-121.824,38.0602,-121.824,9/29/2014,-59.9394,-41.318,-26.7152,20.71,8.16,10107,5.68,8.9,7.82,0.03,0.39,2.2,2.3,0.3,0.1,0.11,5656,515000000,25600,17082,0.7
CV_DWR_Site_D4_EMP_Site,CV_DWR_Site_D4_EMP_Site_2014-2015,CV_DWR_Site_D4_EMP_Site_2014_38.0602_-121.824,38.0602,-121.824,10/13/2014,-124.7464,-45.1102,-84.8717,20.16,8.56,10834,6.12,6.4,7.84,0.03,0.43,1.8,2.1,0.3,0.11,0.11,6224,620000000,14300,194,0.3
CV_DWR_Site_D4_EMP_Site,CV_DWR_Site_D4_EMP_Site_2014-2015,CV_DWR_Site_D4_EMP_Site_2014_38.0602_-121.824,38.0602,-121.824,10/27/2014,3.2545,-49.4967,-9.622,18.44,8.4,9896,5.55,6.8,7.62,0.05,0.45,2.1,2.3,0.3,0.1,0.12,5832,1160000000,5740,1440,0
CV_DWR_Site_D4_EMP_Site,CV_DWR_Site_D4_EMP_Site_2014-2015,CV_DWR_Site_D4_EMP_Site_2014_38.0602_-121.824,38.0602,-121.824,11/10/2014,-98.3708,120.1335,-40.6954,17.25,8.18,7788,4.29,15.2,7.59,0.05,0.46,1.9,2,0.2,0.1,0.11,4348,152000000,3720,2448,0
CV_DWR_Site_D4_EMP_Site,CV_DWR_Site_D4_EMP_Site_2014-2015,CV_DWR_Site_D4_EMP_Site_2015_38.0602_-121.824,38.0602,-121.824,8/27/2015,263.9258,315.6299,153.9803,21.33,9.38,4309,2.27,15.9,7.98,0.024,0.373,2.05,2.1,0.16,0.079,0.09,2396,955000000,4052,2767,0
CV_DWR_Site_D4_EMP_Site,CV_DWR_Site_D4_EMP_Site_2014-2015,CV_DWR_Site_D4_EMP_Site_2015_38.0602_-121.824,38.0602,-121.824,9/16/2015,77.542,-71.316,-45.6762,20.62,8.99,9878,5.54,9.4,7.76,0.02,0.25,1.9,2,0.32,0.05,0.11,5556,161000000,3935,39,0.313723798
CV_DWR_Site_D4_EMP_Site,CV_DWR_Site_D4_EMP_Site_2014-2015,CV_DWR_Site_D4_EMP_Site_2015_38.0602_-121.824,38.0602,-121.824,9/28/2015,247.342,142.8867,348.656,20.85,8.13,8409,4.66,10.2,7.72,0.03,0.41,2,2.1,0.31,0.1,0.13,4752,221000000,14549,334,0.389329768
CV_DWR_Site_D4_EMP_Site,CV_DWR_Site_D4_EMP_Site_2014-2015,CV_DWR_Site_D4_EMP_Site_2015_38.0602_-121.824,38.0602,-121.824,10/14/2015,35.0071,114.2471,92.9372,20.51,8.34,9538,5.34,76,7,0.04,0.44,2,2,0.26,0.11,0.14,5484,53200000,855,5,0
CV_DWR_Site_D4_EMP_Site,CV_DWR_Site_D4_EMP_Site_2016-2019,CV_DWR_Site_D4_EMP_Site_2016_38.06248_-121.8205,38.06248,-121.8205,7/13/2016,175.7147,15.565,183.7236,22.59,8.48,3509,1.82,16.4,7.82,0.05,0.18,1.7,1.8,0.2,0.03,0.09,1914,862000000,300,231,0
CV_DWR_Site_D4_EMP_Site,CV_DWR_Site_D4_EMP_Site_2016-2019,CV_DWR_Site_D4_EMP_Site_2016_38.06248_-121.8205,38.06248,-121.8205,8/10/2016,69.5614,2.9432,50.7702,21.38,8.42,3220,1.66,21.9,7.83,0.03,0.19,1.7,1.8,0.2,0.06,0.09,1766,53200000,2027,699,0
CV_DWR_Site_D4_EMP_Site,CV_DWR_Site_D4_EMP_Site_2016-2019,CV_DWR_Site_D4_EMP_Site_2017_38.06248_-121.8205,38.06248,-121.8205,7/13/2017,-37.2145,110.7945,582.697,22.26,8.51,1283,0.62,26.1,7.79,0.02,0.07,2.7,2.8,0.1,0.05,0.08,712,0,51,28,0
CV_DWR_Site_D4_EMP_Site,CV_DWR_Site_D4_EMP_Site_2016-2019,CV_DWR_Site_D4_EMP_Site_2017_38.06248_-121.8205,38.06248,-121.8205,8/10/2017,239.8425,108.2758,187.6007,21.45,8.27,2823,1.44,14.4,7.59,0.05,0.26,1.9,2.1,0.3,0.07,0.07,527,0,343,42,0.263128699
CV_DWR_Site_D4_EMP_Site,CV_DWR_Site_D4_EMP_Site_2016-2019,CV_DWR_Site_D4_EMP_Site_2017_38.06248_-121.8205,38.06248,-121.8205,9/11/2017,56.9679,143.0282,103.012,22.85,7.86,1362,0.66,19.7,7.57,0.06,0.29,1.8,1.9,0.1,0.07,0.08,749,462000000,11,20,0
CV_DWR_Site_D4_EMP_Site,CV_DWR_Site_D4_EMP_Site_2016-2019,CV_DWR_Site_D4_EMP_Site_2018_38.06248_-121.8205,38.06248,-121.8205,10/12/2018,40.9501,109.8323,118.8883,18.24,8.46,8440,4.68,9.6,7.57,0.09,0.33,1.4,1.4,0,0.091,0.09,5540,77300000,8650,238,0
CV_DWR_Site_D4_EMP_Site,CV_DWR_Site_D4_EMP_Site_2016-2019,CV_DWR_Site_D4_EMP_Site_2019_38.06248_-121.8205,38.06248,-121.8205,9/6/2019,283.7641,97.2388,188.8459,22.21,8.05,885,0.42,16.6,7.66,0,0.223,1.8,1.8,0.26,0.076,0.076,487,0,0,1308,0
D16_EMP_Site,D16_EMP_Site_2016-2019,D16_EMP_Site_2016_38.0969_-121.6691,38.0969,-121.6691,6/10/2016,-93.3051,-71.2594,-89.8525,21.36,8.26,274,0.12,11.7,7.74,0.07,0.27,2.4,2.5,0.2,0.06,0.08,151,5820000,538,480,0
D16_EMP_Site,D16_EMP_Site_2016-2019,D16_EMP_Site_2016_38.0969_-121.6691,38.0969,-121.6691,7/12/2016,-98.4274,-75.0799,-34.7807,22.17,8.41,457,0.21,8.6,7.74,0.04,0.2,2,2.1,0.3,0.04,0.09,241,7780000000,108146,64642,0.06
D16_EMP_Site,D16_EMP_Site_2016-2019,D16_EMP_Site_2016_38.0969_-121.6691,38.0969,-121.6691,8/9/2016,-145.9997,-147.4147,-107.0023,22.43,8.25,484,0.22,4.26,7.77,0.04,0.17,1.9,1.7,0.1,0.05,0.07,262,1950000000,212130,84769,0
D16_EMP_Site,D16_EMP_Site_2016-2019,D16_EMP_Site_2016_38.0969_-121.6691,38.0969,-121.6691,9/9/2016,-226.3151,-235.4843,-163.9702,21.2,8.24,982,0.46,9.9,7.8,0.05,0.23,1.8,1.9,0.2,0.07,0.09,542,13500000,16224,7278,0
D16_EMP_Site,D16_EMP_Site_2016-2019,D16_EMP_Site_2016_38.0969_-121.6691,38.0969,-121.6691,10/21/2016,-133.9156,-104.7949,-179.9031,17.7,8.5,766,0.36,6.8,7.7,0.1,0.41,2.2,1.8,0.2,0.08,0.08,347,10100000,1972,95,0
D16_EMP_Site,D16_EMP_Site_2016-2019,D16_EMP_Site_2017_38.0969_-121.6691,38.0969,-121.6691,7/17/2017,-61.6657,154.2633,45.2234,24.47,8.88,125,0.05,10.1,7.63,0.04,0.05,2.4,2.4,0.3,0.04,0.06,67,0,20,17,0.260158519
D16_EMP_Site,D16_EMP_Site_2016-2019,D16_EMP_Site_2017_38.0969_-121.6691,38.0969,-121.6691,9/13/2017,-114.2188,-124.4068,-120.841,23.08,8.07,166,0.07,6.3,7.51,0.06,0.26,2,2.1,0.2,0.06,0.07,94,2610000000,10364,8641,0.548901929
D16_EMP_Site,D16_EMP_Site_2016-2019,D16_EMP_Site_2018_38.0969_-121.6691,38.0969,-121.6691,7/9/2018,39.4219,33.6487,43.0443,22.82,8.29,194,0.08,4.2,7.79,0.04,0.32,2.3,2.3,0.1,0.06,0.07,105,1140000000,839,140,0
D16_EMP_Site,D16_EMP_Site_2016-2019,D16_EMP_Site_2018_38.0969_-121.6691,38.0969,-121.6691,8/16/2018,-178.6296,-116.2847,-124.9728,22.79,8.52,324,0.14,3.6,7.59,0.024,0.18,2.1,2.1,0.12,0.06,0.07,179,2590000000,23370,1309,0.26137276
D16_EMP_Site,D16_EMP_Site_2016-2019,D16_EMP_Site_2018_38.0969_-121.6691,38.0969,-121.6691,9/17/2018,-138.1889,-245.8704,-196.402,20.48,8.46,751,0.35,3.9,7.84,0.04,0.221,2.2,2.3,0.1,0.075,0.08,413,892000000,56674,97,0
D16_EMP_Site,D16_EMP_Site_2016-2019,D16_EMP_Site_2018_38.0969_-121.6691,38.0969,-121.6691,10/16/2018,-123.5578,-204.2411,-136.5192,17.91,8.92,701,0.32,2.2,8.14,0.06,0.308,1.9,1.9,0,0.07,0.07,388,163000000,83118,98,0
D26_EMP_Site,D26_EMP_Site_2016-2019,D26_EMP_Site_2016_38.07664_-121.5669,38.07664,-121.5669,6/10/2016,-37.6673,-25.6681,-26.2624,21.82,7.99,183,0.08,7.7,7.63,0.1,0.25,2.4,2.4,0.2,0.06,0.08,99,22300000,343,49,0
D26_EMP_Site,D26_EMP_Site_2016-2019,D26_EMP_Site_2016_38.07664_-121.5669,38.07664,-121.5669,7/12/2016,-90.5883,-51.0532,-70.0991,22.27,9.13,162,0.07,5.7,7.75,0.05,0.17,1.8,1.9,0.2,0.04,0.07,87,4730000000,229758,153077,0.16
D26_EMP_Site,D26_EMP_Site_2016-2019,D26_EMP_Site_2016_38.07664_-121.5669,38.07664,-121.5669,8/9/2016,-94.6352,-72.1367,-68.2313,22.76,8.1,196,0.08,4.8,7.5,0.1,0.19,1.7,1.8,0.1,0.05,0.07,108,1420000000,468820,166883,0
D26_EMP_Site,D26_EMP_Site_2016-2019,D26_EMP_Site_2016_38.07664_-121.5669,38.07664,-121.5669,9/9/2016,-101.88,-82.5794,-108.7286,21.5,8.23,491,0.22,7,7.7,0.08,0.24,2,2,0.2,0.06,0.09,270,139000000,121356,91161,0
D26_EMP_Site,D26_EMP_Site_2016-2019,D26_EMP_Site_2017_38.07664_-121.5669,38.07664,-121.5669,9/13/2017,-20.6307,-39.8464,-40.8086,22.61,8.03,150,0.06,6.9,7.43,0.1,0.25,2,2,0.1,0.06,0.06,89,11700000,12706,8739,0.281361255
D26_EMP_Site,D26_EMP_Site_2016-2019,D26_EMP_Site_2018_38.07664_-121.5669,38.07664,-121.5669,7/9/2018,20.2628,14.0651,22.8947,23.23,8.15,154,0.06,4.5,7.71,0.06,0.29,2.2,2.2,0.1,0.06,0.06,86,969000000,9061,1322,0.31328896
D26_EMP_Site,D26_EMP_Site_2016-2019,D26_EMP_Site_2018_38.07664_-121.5669,38.07664,-121.5669,10/16/2018,-33.9883,-52.4682,-29.5452,17.78,8.83,349,0.15,3,8.05,0.1,0.33,1.9,2,0.1,0.076,0.08,199,68200000,2350,850,0
D8_EMP_Site,D8_EMP_Site_2016-2019,D8_EMP_Site_2016_38.05992_-121.99,38.05992,-121.99,7/13/2016,72.3914,-55.1001,142.5188,21.35,8.51,9110,5.08,17.9,7.84,0.04,0.28,1.6,2.8,0.2,0.06,0.11,5236,457000000,708,312,0
D8_EMP_Site,D8_EMP_Site_2016-2019,D8_EMP_Site_2017_38.05992_-121.99,38.05992,-121.99,6/19/2017,258.6337,797.3525,1014.272,21.6,8.72,1552,0.76,15.7,7.74,0.05,0.19,2.4,2.4,0.2,0.05,0.06,810,0,26,22,0
D8_EMP_Site,D8_EMP_Site_2016-2019,D8_EMP_Site_2017_38.05992_-121.99,38.05992,-121.99,7/18/2017,65.7692,315.4601,138.0474,22.66,8.34,4118,2.16,21,7.8,0.08,0.09,2.3,2.4,0.2,0.05,0.06,2018,0,23,13,0
D8_EMP_Site,D8_EMP_Site_2016-2019,D8_EMP_Site_2017_38.05992_-121.99,38.05992,-121.99,9/14/2017,143.9904,114.2754,-21.0269,22.28,8.44,5280,2.82,17.3,7.76,0.08,0.34,1.8,1.9,0.3,0.08,0.08,3158,340000000,117,67,0
FT_DWR_Site_D19_EMP_Site,FT_DWR_Site_D19_EMP_Site_2014-2015,FT_DWR_Site_D19_EMP_Site_2014_38.0468_-121.6192,38.0468,-121.6192,7/14/2014,11.49829,5.54397,-18.42896,24,9.89,792,0.37,5,8.44,0,0.12,2.8,2.9,0.3,0.08,0.09,453,1.29E+11,74200,98418,2.61
FT_DWR_Site_D19_EMP_Site,FT_DWR_Site_D19_EMP_Site_2014-2015,FT_DWR_Site_D19_EMP_Site_2014_38.0468_-121.6192,38.0468,-121.6192,7/28/2014,-8.48151,-25.13606,-10.44553,23.75,9.19,679,0.31,4.7,8.31,0.03,0.14,2.7,2.8,0.2,0.07,0.11,375,39400000000,90700,32215,1.02
FT_DWR_Site_D19_EMP_Site,FT_DWR_Site_D19_EMP_Site_2014-2015,FT_DWR_Site_D19_EMP_Site_2014_38.0468_-121.6192,38.0468,-121.6192,8/11/2014,-28.03398,-19.56096,-38.85307,23.3,8.78,719,0.33,3.6,8.81,0.02,0.13,2.6,2.7,0.4,0.08,0.11,401,1200000000,155049,5627,0
FT_DWR_Site_D19_EMP_Site,FT_DWR_Site_D19_EMP_Site_2014-2015,FT_DWR_Site_D19_EMP_Site_2014_38.0468_-121.6192,38.0468,-121.6192,8/25/2014,-26.40107,-42.15851,-22.65132,22.03,8.47,784,0.37,5.5,8.08,0.01,0.18,2.7,2.8,0.2,0.07,0.1,742,344000000,197000,38797,0.74
FT_DWR_Site_D19_EMP_Site,FT_DWR_Site_D19_EMP_Site_2014-2015,FT_DWR_Site_D19_EMP_Site_2014_38.0468_-121.6192,38.0468,-121.6192,9/11/2014,29.25371,-1.91025,2.59228,22.45,9.79,751,0.35,4,8.44,0.02,0.13,2.5,2.5,0.2,0.08,0.1,418,2810000000,135000,123744,0.86
FT_DWR_Site_D19_EMP_Site,FT_DWR_Site_D19_EMP_Site_2014-2015,FT_DWR_Site_D19_EMP_Site_2014_38.0468_-121.6192,38.0468,-121.6192,9/29/2014,21.22783,19.45059,21.36933,21.83,10.08,909,0.43,3.9,8.58,0.02,0.18,2.6,2.7,0.3,0.09,0.1,508,1200000000,108000,16612,1.55
FT_DWR_Site_D19_EMP_Site,FT_DWR_Site_D19_EMP_Site_2014-2015,FT_DWR_Site_D19_EMP_Site_2014_38.0468_-121.6192,38.0468,-121.6192,10/13/2014,31.76958,22.05419,27.90663,21.52,9.91,1165,0.56,3,8.21,0.02,0.26,2.3,2.4,0.2,0.09,0.1,651,337000000,55700,10080,0
FT_DWR_Site_D19_EMP_Site,FT_DWR_Site_D19_EMP_Site_2014-2015,FT_DWR_Site_D19_EMP_Site_2014_38.0468_-121.6192,38.0468,-121.6192,10/27/2014,17.58562,22.05136,22.11928,18.94,8.99,1050,0.5,0.4,7.77,0.04,0.34,2.5,2.5,0.2,0.09,0.1,582,511000000,65300,11073,0
FT_DWR_Site_D19_EMP_Site,FT_DWR_Site_D19_EMP_Site_2014-2015,FT_DWR_Site_D19_EMP_Site_2014_38.0468_-121.6192,38.0468,-121.6192,11/10/2014,28.80374,-1.34142,20.7156,17.75,8.55,954,0.45,1.3,7.58,0.04,0.41,2.5,2.6,0.2,0.08,0.09,527,33200000,10700,518,0
FT_DWR_Site_D19_EMP_Site,FT_DWR_Site_D19_EMP_Site_2014-2015,FT_DWR_Site_D19_EMP_Site_2014_38.0468_-121.6192,38.0468,-121.6192,12/10/2014,32.38086,15.37256,28.80374,14.06,8.32,1178,0.57,4.8,7.53,0.17,0.69,3.1,3.1,0.3,0.07,0.09,662,22900000,948,96,0
FT_DWR_Site_D19_EMP_Site,FT_DWR_Site_D19_EMP_Site_2014-2015,FT_DWR_Site_D19_EMP_Site_2015_38.0468_-121.6192,38.0468,-121.6192,8/27/2015,-34.3562,-31.11585,-20.68447,22.67,8.66,754,0.35,3,8.24,0.011,0.128,2.7,3.1,0.17,0.064,0.09,426,79400000,17627,222,0
FT_DWR_Site_D19_EMP_Site,FT_DWR_Site_D19_EMP_Site_2014-2015,FT_DWR_Site_D19_EMP_Site_2015_38.0468_-121.6192,38.0468,-121.6192,9/16/2015,9.14656,30.23855,23.90784,21.57,9.97,954,0.45,1.4,8.42,0.02,0.17,2.8,2.8,0.29,0.07,0.09,615,260000000,5699,161,0
FT_DWR_Site_D19_EMP_Site,FT_DWR_Site_D19_EMP_Site_2014-2015,FT_DWR_Site_D19_EMP_Site_2015_38.0468_-121.6192,38.0468,-121.6192,9/28/2015,-17.29696,-5.31757,-40.32467,22.14,8.26,409,0.18,2,8.08,0.02,0.16,2.7,2.8,0.2,0.09,0.11,502,95800000,17284,182,0.265763832
FT_DWR_Site_D19_EMP_Site,FT_DWR_Site_D19_EMP_Site_2014-2015,FT_DWR_Site_D19_EMP_Site_2015_38.0468_-121.6192,38.0468,-121.6192,10/14/2015,14.51507,12.93027,8.07682,21.51,8.2,1108,0.53,6.9,7.82,0.02,0.25,2.3,2.4,0.23,0.08,0.12,626,389000000,4310,475,0.294569312
FT_DWR_Site_D19_EMP_Site,FT_DWR_Site_D19_EMP_Site_2014-2015,FT_DWR_Site_D19_EMP_Site_2015_38.0468_-121.6192,38.0468,-121.6192,11/17/2015,18.0837,27.53873,16.92057,13.81,10.24,1031,0.49,6.7,7.94,0.07,0.48,2.6,2.7,0.22,0.07,0.11,575.5,23300000,153,10,0
FT_DWR_Site_D19_EMP_Site,FT_DWR_Site_D19_EMP_Site_2016-2019,FT_DWR_Site_D19_EMP_Site_2016_38.04376_-121.6148,38.04376,-121.6148,6/9/2016,18.1969,17.0932,28.85751,21.28,8.13,301,0.13,12.4,7.71,0.05,0.25,2.4,2.7,0.4,0.06,0.08,163,6490000,5774,3374,0
FT_DWR_Site_D19_EMP_Site,FT_DWR_Site_D19_EMP_Site_2016-2019,FT_DWR_Site_D19_EMP_Site_2016_38.04376_-121.6148,38.04376,-121.6148,7/11/2016,29.89895,24.44837,25.42755,22.11,8.49,524,0.24,8.2,7.78,0.02,0.16,2,2.1,0.2,0.04,0.06,274,3290000000,95241,82359,1.57
FT_DWR_Site_D19_EMP_Site,FT_DWR_Site_D19_EMP_Site_2016-2019,FT_DWR_Site_D19_EMP_Site_2016_38.04376_-121.6148,38.04376,-121.6148,8/8/2016,23.53711,31.05642,16.76492,22.26,8.43,575,0.26,6,7.87,0.03,0.16,2.1,1.9,0,0.05,0.07,309,1120000000,27936,14976,0
FT_DWR_Site_D19_EMP_Site,FT_DWR_Site_D19_EMP_Site_2016-2019,FT_DWR_Site_D19_EMP_Site_2016_38.04376_-121.6148,38.04376,-121.6148,9/6/2016,15.06409,28.99052,18.22237,21.1,8.16,1026,0.49,9.1,7.8,0.04,0.17,2.3,2,0.2,0.06,0.08,562,257000000,45091,13421,0
FT_DWR_Site_D19_EMP_Site,FT_DWR_Site_D19_EMP_Site_2016-2019,FT_DWR_Site_D19_EMP_Site_2016_38.04376_-121.6148,38.04376,-121.6148,10/20/2016,25.26341,9.59653,30.32628,17.6,8.6,999,0.47,5,7.7,0.06,0.36,1.9,1.7,0.2,0.08,0.08,554,2590000,5928,96,0
FT_DWR_Site_D19_EMP_Site,FT_DWR_Site_D19_EMP_Site_2016-2019,FT_DWR_Site_D19_EMP_Site_2017_38.04376_-121.6148,38.04376,-121.6148,6/15/2017,12.48313,19.76189,43.50559,19.78,8.85,115,0.05,5,7.62,0.03,0.15,2.3,2.3,0.1,0.05,0.05,73,0,13,31,0
FT_DWR_Site_D19_EMP_Site,FT_DWR_Site_D19_EMP_Site_2016-2019,FT_DWR_Site_D19_EMP_Site_2017_38.04376_-121.6148,38.04376,-121.6148,7/14/2017,-4.34688,18.68366,23.82294,23.78,8.76,117,0.05,6.3,8.01,0,0.01,2.6,2.7,0.1,0.05,0.07,68,0,26,73,0.270804097
FT_DWR_Site_D19_EMP_Site,FT_DWR_Site_D19_EMP_Site_2016-2019,FT_DWR_Site_D19_EMP_Site_2017_38.04376_-121.6148,38.04376,-121.6148,8/14/2017,33.32891,16.70832,23.53711,23.33,7.8,244,0.1,5.6,7.74,0.03,0.18,2.2,2.2,0.1,0.07,0.07,135,0,19,28,0.268146205
FT_DWR_Site_D19_EMP_Site,FT_DWR_Site_D19_EMP_Site_2016-2019,FT_DWR_Site_D19_EMP_Site_2017_38.04376_-121.6148,38.04376,-121.6148,9/12/2017,38.56158,28.42169,35.55329,23.7,7.93,181,0.08,3.3,7.56,0.04,0.24,2,2,0,0.07,0.08,98,1910000000,116,42,0.259819803
FT_DWR_Site_D19_EMP_Site,FT_DWR_Site_D19_EMP_Site_2016-2019,FT_DWR_Site_D19_EMP_Site_2017_38.04376_-121.6148,38.04376,-121.6148,10/10/2017,37.48052,16.28948,28.28585,17.8,9.13,159,0.07,2.5,7.64,0.03,0.19,2,2,0.2,0.06,0.06,95,192000000,1620,202,0
FT_DWR_Site_D19_EMP_Site,FT_DWR_Site_D19_EMP_Site_2016-2019,FT_DWR_Site_D19_EMP_Site_2018_38.04376_-121.6148,38.04376,-121.6148,7/19/2018,31.45828,6.15525,24.99456,23.04,8.64,375,0.17,2.3,8.03,0.02,0.21,2.3,2.3,0.1,0.07,0.07,197,1810000000,3600,96,2.22386744
FT_DWR_Site_D19_EMP_Site,FT_DWR_Site_D19_EMP_Site_2016-2019,FT_DWR_Site_D19_EMP_Site_2018_38.04376_-121.6148,38.04376,-121.6148,8/3/2018,21.42027,31.45828,6.15525,22.66,8.18,423,0.19,1.2,7.63,0.024,0.153,2.2,2.2,0.1,0.07,0.07,228,905000000,18624,96,0.326313622
FT_DWR_Site_D19_EMP_Site,FT_DWR_Site_D19_EMP_Site_2016-2019,FT_DWR_Site_D19_EMP_Site_2018_38.04376_-121.6148,38.04376,-121.6148,9/14/2018,25.39642,9.88519,24.79363,20.55,8.71,994,0.47,1.4,8.02,0.03,0.18,2.2,2.2,0.13,0.068,0.078,565,149000000,4704,144,0
JP_DWR_Site,JP_DWR_Site_2014-2015,JP_DWR_Site_2014_38.0517_-121.6953,38.0517,-121.6953,7/14/2014,-53.6568,29.8565,87.73,23.96,8.15,1148,0.55,9.2,8.23,0.02,0.28,2.3,2.3,0.5,0.08,0.1,509,48900000000,17600,15189,4.06
JP_DWR_Site,JP_DWR_Site_2014-2015,JP_DWR_Site_2014_38.0517_-121.6953,38.0517,-121.6953,7/28/2014,52.9493,196.1473,124.3785,23.29,8.09,1321,0.64,11.7,7.85,0.03,0.28,2.4,2.7,0.4,0.08,0.11,741,16400000000,13900,10822,0.57
JP_DWR_Site,JP_DWR_Site_2014-2015,JP_DWR_Site_2014_38.0517_-121.6953,38.0517,-121.6953,8/11/2014,59.5715,40.7237,236.1635,23.14,7.61,1266,0.61,13.8,8,0.02,0.28,2.3,2.4,0.2,0.08,0.11,710,37700000000,40000,30843,0
JP_DWR_Site,JP_DWR_Site_2014-2015,JP_DWR_Site_2014_38.0517_-121.6953,38.0517,-121.6953,8/25/2014,204.2411,294.4898,114.1905,21.89,8.46,1325,0.64,12.2,8.01,0,0.26,2.8,3.1,0.1,0.07,0.11,729,2920000000,303000,222825,0.81
JP_DWR_Site,JP_DWR_Site_2014-2015,JP_DWR_Site_2014_38.0517_-121.6953,38.0517,-121.6953,9/11/2014,-128.1424,51.9588,-24.0267,21.54,8.53,1415,0.69,13.7,7.89,0.02,0.25,2.1,2.2,0.1,0.08,0.1,799,4750000000,85800,43272,1.06
JP_DWR_Site,JP_DWR_Site_2014-2015,JP_DWR_Site_2014_38.0517_-121.6953,38.0517,-121.6953,9/29/2014,-253.9642,-136.6607,-124.8879,21.23,8.29,2048,1.02,10.1,8.1,0.02,0.26,2.6,2.7,0.4,0.09,0.11,1140,1310000000,80500,8388,1.59
JP_DWR_Site,JP_DWR_Site_2014-2015,JP_DWR_Site_2014_38.0517_-121.6953,38.0517,-121.6953,10/13/2014,-153.2445,-70.3255,-188.0252,20.78,8.59,2686,1.37,8.1,7.89,0.02,0.34,2.2,2.3,0.2,0.09,0.1,1501,14000000000,69600,24141,0.29
JP_DWR_Site,JP_DWR_Site_2014-2015,JP_DWR_Site_2014_38.0517_-121.6953,38.0517,-121.6953,10/27/2014,-6.2826,-3.7356,-96.3049,18.92,8.54,2258,1.13,4.8,7.49,0.04,0.38,2.5,2.4,0.2,0.09,0.1,1270,598000000,31400,11712,0.29
JP_DWR_Site,JP_DWR_Site_2014-2015,JP_DWR_Site_2014_38.0517_-121.6953,38.0517,-121.6953,11/10/2014,-129.5574,72.5046,-9.1409,17.44,8.45,1839,0.91,5,7.53,0.05,0.48,2.2,2.3,0.2,0.08,0.09,1021,765000000,19600,4656,0
JP_DWR_Site,JP_DWR_Site_2014-2015,JP_DWR_Site_2014_38.0517_-121.6953,38.0517,-121.6953,11/24/2014,28.6396,-79.1268,-11.7445,14.32,8.94,1394,0.68,8,7.71,0.1,0.56,2.4,2.4,0,0.08,0.08,773,28400000,11000,559,0.9
JP_DWR_Site,JP_DWR_Site_2014-2015,JP_DWR_Site_2014_38.0517_-121.6953,38.0517,-121.6953,12/10/2014,-129.3876,22.5268,-129.5574,14.12,8.1,1722,0.85,13.1,7.46,0.14,0.65,2.9,3,0.3,0.07,0.09,954,48200000,5280,518,0
JP_DWR_Site,JP_DWR_Site_2014-2015,JP_DWR_Site_2015_38.0517_-121.6953,38.0517,-121.6953,8/14/2015,209.1653,193.2041,179.1107,22.7,8.53,1741,0.86,11.7,7.94,0.03,0.32,2.5,2.6,0.22,0.07,0.11,971,2020000000,498,593,1.065906638
JP_DWR_Site,JP_DWR_Site_2014-2015,JP_DWR_Site_2015_38.0517_-121.6953,38.0517,-121.6953,8/27/2015,240.0123,227.9282,162.5835,22.39,8.85,1326,0.64,11.9,8.01,0.017,0.299,2.4,2.5,0.14,0.075,0.09,757,829000000,12882,288,0
JP_DWR_Site,JP_DWR_Site_2014-2015,JP_DWR_Site_2015_38.0517_-121.6953,38.0517,-121.6953,9/16/2015,137.255,-130.4913,-280.0568,21.52,8.87,3036,1.56,8.3,8.01,0.02,0.38,2.2,2.2,0.22,0.09,0.11,1782,361000000,10279,683,0.251444836
JP_DWR_Site,JP_DWR_Site_2014-2015,JP_DWR_Site_2015_38.0517_-121.6953,38.0517,-121.6953,9/28/2015,60.1658,20.2628,252.8605,21.64,10.1,2716,1.38,10,7.68,0.04,0.37,2.2,2.3,0.26,0.09,0.12,1515,161000000,19783,34,0
JP_DWR_Site,JP_DWR_Site_2014-2015,JP_DWR_Site_2015_38.0517_-121.6953,38.0517,-121.6953,10/14/2015,-64.1278,24.6776,-52.1852,21.12,8.22,2233,1.12,10.9,7.72,0.03,0.37,2.1,2.2,0.19,0.09,0.12,1274,271000000,2858,1983,0
JP_DWR_Site,JP_DWR_Site_2014-2015,JP_DWR_Site_2015_38.0517_-121.6953,38.0517,-121.6953,11/17/2015,-19.5553,-55.4397,-51.7607,13.78,9.6,2546,1.29,11.2,7.79,0.07,0.48,2.2,2.3,0.2,0.07,0.12,1419,22600000,2446,19,0
MD10A_EMP_Site,MD10A_EMP_Site_2016-2019,MD10A_EMP_Site_2016_38.04226_-121.4199,38.04226,-121.4199,6/10/2016,-1.65272,-1.16879,0.06792,23.57,7.16,269,0.12,2.9,7.57,0.03,0.12,3.9,3.9,0.3,0.12,0.14,144,101000000,20718,17167,0
MD10A_EMP_Site,MD10A_EMP_Site_2016-2019,MD10A_EMP_Site_2016_38.04226_-121.4199,38.04226,-121.4199,7/12/2016,-0.01698,-1.20841,-0.07358,24.62,9.75,202,0.09,9.2,8.4,0.02,0.01,4,3.9,0.4,0.04,0.12,114,221000000,418444,10613,0
MD10A_EMP_Site,MD10A_EMP_Site_2016-2019,MD10A_EMP_Site_2016_38.04226_-121.4199,38.04226,-121.4199,8/9/2016,-1.80554,-2.25268,-1.35557,25.23,8.08,180,0.08,3.4,7.63,0.02,0.04,3.1,3.3,0.1,0.04,0.08,105,35900000,113676,3576,0
MD10A_EMP_Site,MD10A_EMP_Site_2016-2019,MD10A_EMP_Site_2016_38.04226_-121.4199,38.04226,-121.4199,9/9/2016,-2.264,-2.47625,-1.68385,23.7,8.1,196,0.08,7.6,7.6,0.01,0.07,3.2,2.8,0.3,0.07,0.09,111,4270000,4626,1316,0
MD10A_EMP_Site,MD10A_EMP_Site_2016-2019,MD10A_EMP_Site_2016_38.04226_-121.4199,38.04226,-121.4199,10/21/2016,0.49242,0.05094,-0.41884,18.1,7.8,204,0.09,1.7,7.4,0.03,0.2,2.9,3,0.3,0.08,0.08,114,3790000,11424,1344,0
MD10A_EMP_Site,MD10A_EMP_Site_2016-2019,MD10A_EMP_Site_2017_38.04226_-121.4199,38.04226,-121.4199,6/16/2017,6.05903,11.41056,14.49809,22.27,7.81,162,0.07,3.8,7.44,0.02,0.08,3.5,3.6,0.2,0.11,0.11,89,0,11,16,0.290296931
MD10A_EMP_Site,MD10A_EMP_Site_2016-2019,MD10A_EMP_Site_2017_38.04226_-121.4199,38.04226,-121.4199,11/14/2017,4.74025,5.18173,4.97797,15.4,8.31,275,0.12,4,7.27,0.06,0.6,2.9,3,0.3,0.07,0.08,152,0,0,16,0
MD10A_EMP_Site,MD10A_EMP_Site_2016-2019,MD10A_EMP_Site_2018_38.04226_-121.4199,38.04226,-121.4199,7/9/2018,1.34425,1.06974,1.67536,25.89,7.65,191,0.08,3.6,7.64,0.06,0.14,3.2,3.3,0.2,0.07,0.07,106,222000000,2095,97,0
MI_DWR_Site,MI_DWR_Site_2014-2015,MI_DWR_Site_2014_37.9952_-121.5222,37.9952,-121.5222,7/14/2014,-56.6,-51.5626,-25.9511,24.78,8.32,471,0.21,2,8.39,0.02,0.07,3.2,3.4,0.3,0.08,0.12,266,7.36E+11,1645390,1428211,11.34
MI_DWR_Site,MI_DWR_Site_2014-2015,MI_DWR_Site_2014_37.9952_-121.5222,37.9952,-121.5222,7/28/2014,-41.4029,-25.2436,-34.3562,25.8,8.48,475,0.21,0.5,8.22,0.01,0.06,3.6,3.7,0.3,0.09,0.12,270,3150000000,85200,23227,1.01
MI_DWR_Site,MI_DWR_Site_2014-2015,MI_DWR_Site_2014_37.9952_-121.5222,37.9952,-121.5222,8/11/2014,-76.6647,-50.8268,-43.7518,25.22,8.89,426,0.19,-0.8,8.15,0,0.08,3.2,3.3,0.5,0.09,0.12,238,1930000000,87400,11625,0.63
MI_DWR_Site,MI_DWR_Site_2014-2015,MI_DWR_Site_2014_37.9952_-121.5222,37.9952,-121.5222,8/25/2014,-34.1015,-54.8171,-42.9028,23.76,8.96,425,0.19,-0.1,8.18,0,0.04,3.4,3.6,0.2,0.07,0.11,240,4050000000,164000,55888,0.93
MI_DWR_Site,MI_DWR_Site_2014-2015,MI_DWR_Site_2014_37.9952_-121.5222,37.9952,-121.5222,9/11/2014,-68.3445,-51.1381,-70.6651,23.95,9.7,421,0.19,1,8.22,0.01,0.06,3.2,2.9,0.2,0.08,0.1,234,6070000000,180000,97763,0.95
MI_DWR_Site,MI_DWR_Site_2014-2015,MI_DWR_Site_2014_37.9952_-121.5222,37.9952,-121.5222,9/29/2014,-89.2582,-97.7482,-62.26,22.41,8.52,438,0.2,1,7.93,0.02,0.13,2.9,3.1,0.3,0.09,0.1,243,1930000000,56000,7604,0
MI_DWR_Site,MI_DWR_Site_2014-2015,MI_DWR_Site_2014_37.9952_-121.5222,37.9952,-121.5222,10/13/2014,-41.601,-81.8153,-80.8248,22.18,8.19,505,0.23,-0.1,8.33,0.02,0.18,2.7,2.8,0.2,0.08,0.1,289,1170000000,25000,1632,0
MI_DWR_Site,MI_DWR_Site_2014-2015,MI_DWR_Site_2014_37.9952_-121.5222,37.9952,-121.5222,10/27/2014,-15.8197,-29.7999,-82.3247,18.85,8.47,578,0.26,-0.5,7.74,0.02,0.21,3.3,3.4,0.3,0.09,0.1,318,488000000,22000,9264,0
MI_DWR_Site,MI_DWR_Site_2014-2015,MI_DWR_Site_2014_37.9952_-121.5222,37.9952,-121.5222,11/24/2014,-66.222,-46.9497,-31.1017,14.52,9.49,573,0.26,-0.6,7.76,0.05,0.55,3.2,3.1,0.1,0.08,0.08,318.5,595000,244,693,0
MI_DWR_Site,MI_DWR_Site_2014-2015,MI_DWR_Site_2014_37.9952_-121.5222,37.9952,-121.5222,12/10/2014,-143.4527,-70.2406,-52.1852,13.94,8.18,457,0.21,0.1,7.54,0.09,0.77,3.2,3.3,0.6,0.07,0.08,253,3170000,240,288,0
MI_DWR_Site,MI_DWR_Site_2014-2015,MI_DWR_Site_2015_37.9952_-121.5222,37.9952,-121.5222,8/14/2015,-18.4799,3.113,-21.791,24.56,9.02,615,0.28,0.9,8.07,0.01,0.11,3.3,3.4,0.28,0.06,0.1,341,228000000,15150,311,0
MI_DWR_Site,MI_DWR_Site_2014-2015,MI_DWR_Site_2015_37.9952_-121.5222,37.9952,-121.5222,8/27/2015,-14.1217,-3.0281,-7.5561,24.16,9.48,620,0.28,0.5,8.2,0,0.0995,3.3,3.3,0.21,0.057,0.08,343,285000000,5674,2035,0
MI_DWR_Site,MI_DWR_Site_2014-2015,MI_DWR_Site_2015_37.9952_-121.5222,37.9952,-121.5222,9/16/2015,-38.1767,-80.655,-41.318,22.76,9.24,558,0.25,0.2,7.92,0,0.15,2.8,3.1,0.26,0.05,0.09,316,305000000,39679,2725,0.391960691
MI_DWR_Site,MI_DWR_Site_2014-2015,MI_DWR_Site_2015_37.9952_-121.5222,37.9952,-121.5222,9/28/2015,-30.5074,-55.8359,3.0564,22.89,8.07,555,0.25,0.5,7.64,0.02,0.22,2.9,2.9,0.26,0.08,0.11,307,23700000,20908,1168,0.303027712
MI_DWR_Site,MI_DWR_Site_2014-2015,MI_DWR_Site_2015_37.9952_-121.5222,37.9952,-121.5222,10/14/2015,-50.9683,-88.6639,-77.2873,21.81,8.33,56.7,0.02,0.2,7.18,0.01,0.23,3,3.1,0.23,0.08,0.11,315,34300000,12958,596,0.258517261
MI_DWR_Site,MI_DWR_Site_2014-2015,MI_DWR_Site_2015_37.9952_-121.5222,37.9952,-121.5222,10/27/2015,-37.3277,-38.4314,-12.6218,20.08,7.73,609,0.28,1.4,7.69,0.02,0.28,2.9,2.9,0.22,0.08,0.1,342,93200000,5903,30,0
MI_DWR_Site,MI_DWR_Site_2014-2015,MI_DWR_Site_2015_37.9952_-121.5222,37.9952,-121.5222,11/17/2015,-47.4591,-29.715,-35.1203,13.33,10.43,575,0.26,2.4,8,0.03,0.45,3.5,3.3,0.35,0.08,0.12,324,11900000,2469,119,0
OR_DWR_Site_D28A_EMP_Site,OR_DWR_Site_D28A_EMP_Site_2014-2015,OR_DWR_Site_D28A_EMP_Site_2014_37.9706_-121.5725,37.9706,-121.5725,7/14/2014,-44.5442,-52.5248,-31.1583,24.63,7.16,677,0.31,5.8,7.73,0,0.05,3.4,3.4,0.4,0.1,0.14,370,54400000000,62700,19986,1.9
OR_DWR_Site_D28A_EMP_Site,OR_DWR_Site_D28A_EMP_Site_2014-2015,OR_DWR_Site_D28A_EMP_Site_2014_37.9706_-121.5725,37.9706,-121.5725,7/28/2014,-66.4767,-70.9198,-61.694,25.2,7.42,688,0.32,4.6,7.78,0.02,0.04,3.4,3.5,0.3,0.09,0.11,381,7340000000,112000,22956,1.27
OR_DWR_Site_D28A_EMP_Site,OR_DWR_Site_D28A_EMP_Site_2014-2015,OR_DWR_Site_D28A_EMP_Site_2014_37.9706_-121.5725,37.9706,-121.5725,8/11/2014,-90.5883,-71.9103,-60.7035,25.09,6.85,622,0.29,3.7,7.97,0.02,0.05,3.3,3.6,0.3,0.1,0.12,348,3950000000,92300,13146,0.48
OR_DWR_Site_D28A_EMP_Site,OR_DWR_Site_D28A_EMP_Site_2014-2015,OR_DWR_Site_D28A_EMP_Site_2014_37.9706_-121.5725,37.9706,-121.5725,8/25/2014,-49.9212,-80.0324,-64.4957,24.11,7.57,623,0.29,4.8,7.9,0,0.02,3.5,3.6,0.2,0.08,0.11,349,5250000000,96300,34539,0.78
OR_DWR_Site_D28A_EMP_Site,OR_DWR_Site_D28A_EMP_Site_2014-2015,OR_DWR_Site_D28A_EMP_Site_2014_37.9706_-121.5725,37.9706,-121.5725,9/11/2014,-99.8424,-64.807,-118.294,22.8,8.32,668,0.31,5.8,8.14,0.01,0,2.8,3.1,0.2,0.09,0.1,372,2160000000,169000,114182,1.27
OR_DWR_Site_D28A_EMP_Site,OR_DWR_Site_D28A_EMP_Site_2014-2015,OR_DWR_Site_D28A_EMP_Site_2014_37.9706_-121.5725,37.9706,-121.5725,10/13/2014,-20.5741,-117.3035,-111.8133,21.63,7.71,726,0.34,3.6,7.76,0.02,0.06,2.8,3,0.2,0.08,0.09,408,433000000,46000,5506,0.3
OR_DWR_Site_D28A_EMP_Site,OR_DWR_Site_D28A_EMP_Site_2014-2015,OR_DWR_Site_D28A_EMP_Site_2014_37.9706_-121.5725,37.9706,-121.5725,10/27/2014,-8.7447,-44.2612,-121.0957,18.91,8.33,813,0.38,1.3,7.64,0,0.08,3.2,3.4,0.2,0.08,0.09,452,150000000,17600,1920,0.3
OR_DWR_Site_D28A_EMP_Site,OR_DWR_Site_D28A_EMP_Site_2014-2015,OR_DWR_Site_D28A_EMP_Site_2014_37.9706_-121.5725,37.9706,-121.5725,11/10/2014,-54.0813,-29.6018,-51.6475,17.42,8.53,795,0.37,0.7,7.54,0,0.19,3.1,3.2,0.2,0.08,0.08,447,175000000,22700,855,0.65
OR_DWR_Site_D28A_EMP_Site,OR_DWR_Site_D28A_EMP_Site_2014-2015,OR_DWR_Site_D28A_EMP_Site_2015_37.9706_-121.5725,37.9706,-121.5725,9/16/2015,-78.0797,-162.725,-40.2992,22.72,7.77,670,0.31,3.8,7.76,0,0.14,2.9,3.1,0.25,0.06,0.1,371,60600000,18423,1708,0.361640626
OR_DWR_Site_D28A_EMP_Site,OR_DWR_Site_D28A_EMP_Site_2014-2015,OR_DWR_Site_D28A_EMP_Site_2015_37.9706_-121.5725,37.9706,-121.5725,9/28/2015,-38.0918,-94.6352,-112.7189,22.81,7.25,664,0.31,3.1,7.64,0.01,0.11,3,3.1,0.23,0.06,0.1,368,39600000,9918,576,0.301130009
OR_DWR_Site_D28A_EMP_Site,OR_DWR_Site_D28A_EMP_Site_2014-2015,OR_DWR_Site_D28A_EMP_Site_2015_37.9706_-121.5725,37.9706,-121.5725,10/14/2015,-74.8535,-54.5907,-94.7767,22.12,7.47,722,0.33,2.4,7.68,0.01,0.12,2.9,3,0.2,0.08,0.11,407,165000000,3732,369,0.294009939
OR_DWR_Site_D28A_EMP_Site,OR_DWR_Site_D28A_EMP_Site_2016-2019,OR_DWR_Site_D28A_EMP_Site_2016_37.97048_-121.573,37.97048,-121.573,6/9/2016,-151.2352,-94.3522,-90.3619,22.26,7.36,237,0.1,8.1,7.57,0.04,0.16,2.9,3,0.2,0.05,0.1,128,24300000,11040,9893,0
OR_DWR_Site_D28A_EMP_Site,OR_DWR_Site_D28A_EMP_Site_2016-2019,OR_DWR_Site_D28A_EMP_Site_2016_37.97048_-121.573,37.97048,-121.573,7/11/2016,-241.9084,-197.7321,-149.0278,23.09,8.36,377,0.17,5.1,7.86,0,0.06,2.2,2.2,0.3,0.04,0.06,209,2510000000,62388,39284,1.59
OR_DWR_Site_D28A_EMP_Site,OR_DWR_Site_D28A_EMP_Site_2016-2019,OR_DWR_Site_D28A_EMP_Site_2016_37.97048_-121.573,37.97048,-121.573,8/8/2016,-246.2383,-230.3903,-244.4837,23.36,8.49,423,0.19,2.5,8.07,0.02,0.07,2.2,2.2,0.1,0.05,0.07,225,238000000,13230,2199,0
OR_DWR_Site_D28A_EMP_Site,OR_DWR_Site_D28A_EMP_Site_2016-2019,OR_DWR_Site_D28A_EMP_Site_2016_37.97048_-121.573,37.97048,-121.573,9/6/2016,-332.9212,-307.904,-243.3234,22,8.9,613,0.28,4.2,8.4,0.01,0.07,2.7,2.2,0.2,0.06,0.08,338,180000000,126211,82406,0
OR_DWR_Site_D28A_EMP_Site,OR_DWR_Site_D28A_EMP_Site_2016-2019,OR_DWR_Site_D28A_EMP_Site_2016_37.97048_-121.573,37.97048,-121.573,10/20/2016,-148.5184,-221.6739,-287.6695,17.8,8.8,821,0.38,1.7,7.8,0.03,0.22,2.3,2,0.2,0.08,0.08,446,8070000,2292,648,0
OR_DWR_Site_D28A_EMP_Site,OR_DWR_Site_D28A_EMP_Site_2016-2019,OR_DWR_Site_D28A_EMP_Site_2016_37.97048_-121.573,37.97048,-121.573,11/3/2016,-232.343,-138.2455,-184.516,17.24,8.33,722,0.33,1.4,7.42,0.06,0.39,2.2,2.4,0.2,0.08,0.09,395,8080000,1068,288,0
OR_DWR_Site_D28A_EMP_Site,OR_DWR_Site_D28A_EMP_Site_2016-2019,OR_DWR_Site_D28A_EMP_Site_2017_37.97048_-121.573,37.97048,-121.573,6/15/2017,-145.3488,94.5786,123.2748,21.38,8.75,136,0.06,4.3,7.76,0.02,0.11,2.9,3,0,0.07,0.08,80,0,20,20,0
OR_DWR_Site_D28A_EMP_Site,OR_DWR_Site_D28A_EMP_Site_2016-2019,OR_DWR_Site_D28A_EMP_Site_2017_37.97048_-121.573,37.97048,-121.573,7/14/2017,-234.4372,-63.9863,-143.0282,24.72,7.34,120,0.05,5.2,7.53,0.05,15.2,3,3,0,0.09,0.1,63,0,112,17,0.30474534
OR_DWR_Site_D28A_EMP_Site,OR_DWR_Site_D28A_EMP_Site_2016-2019,OR_DWR_Site_D28A_EMP_Site_2017_37.97048_-121.573,37.97048,-121.573,9/12/2017,-264.1522,-258.7469,-296.8953,24.8,8.02,172,0.07,1.5,7.77,0.03,0.14,2.4,2.4,0,0.07,0.07,96,1010000000,115460,112671,1.010949215
OR_DWR_Site_D28A_EMP_Site,OR_DWR_Site_D28A_EMP_Site_2016-2019,OR_DWR_Site_D28A_EMP_Site_2017_37.97048_-121.573,37.97048,-121.573,10/10/2017,-88.7205,-193.3456,-239.2199,18.17,8.77,156,0.06,1.8,7.68,0.02,0.08,2.4,2.4,0.2,0.05,0.05,90,30400000,4527,892,0
OR_DWR_Site_D28A_EMP_Site,OR_DWR_Site_D28A_EMP_Site_2016-2019,OR_DWR_Site_D28A_EMP_Site_2018_37.97048_-121.573,37.97048,-121.573,7/19/2018,-212.3066,-130.0668,-93.9277,24.12,8.44,258,0.11,2.5,8.3,0.02,0.07,2.7,2.7,0.1,0.07,0.07,142,2400000000,17319,1303,1.277968756
OR_DWR_Site_D28A_EMP_Site,OR_DWR_Site_D28A_EMP_Site_2016-2019,OR_DWR_Site_D28A_EMP_Site_2018_37.97048_-121.573,37.97048,-121.573,8/3/2018,-234.8334,-212.3066,-130.0668,23.94,8.54,311,0.14,0.7,8.33,0.023,0.055,2.4,2.4,0.11,0.07,0.07,168,741000000,4359,245,0.295462788
OR_DWR_Site_D28A_EMP_Site,OR_DWR_Site_D28A_EMP_Site_2016-2019,OR_DWR_Site_D28A_EMP_Site_2018_37.97048_-121.573,37.97048,-121.573,10/15/2018,-196.8548,-260.3317,-296.1029,17.98,9.08,759,0.35,0.1,8.07,0.027,0.14,2.3,2.3,0.1,0.065,0.07,415,335000000,15380,2057,0
RR_DWR_Site_P8_EMP_Site,RR_DWR_Site_P8_EMP_Site_2014-2015,RR_DWR_Site_P8_EMP_Site_2014_37.9633_-121.3663,37.9633,-121.3663,8/25/2014,7.075,1.7829,-16.8668,25.97,7.29,1408,0.68,1.8,7.85,0.04,1.3,5.4,5.6,0.5,0.41,0.52,785,3520000000,304000,14706,0.64
RR_DWR_Site_P8_EMP_Site,RR_DWR_Site_P8_EMP_Site_2014-2015,RR_DWR_Site_P8_EMP_Site_2014_37.9633_-121.3663,37.9633,-121.3663,9/11/2014,-16.7819,-7.6976,-16.697,25.7,8.43,1421,0.69,3.1,7.75,0.07,1.69,4.8,5.1,0.5,0.53,0.58,800,2480000000,354000,33933,0.63
RR_DWR_Site_P8_EMP_Site,RR_DWR_Site_P8_EMP_Site_2014-2015,RR_DWR_Site_P8_EMP_Site_2014_37.9633_-121.3663,37.9633,-121.3663,9/29/2014,-16.4989,-8.0938,-19.4987,24.17,8.51,1590,0.78,2.6,7.58,0.12,2.17,5,5.4,0.7,0.53,0.62,918,316000000,42900,13536,0.32
RR_DWR_Site_P8_EMP_Site,RR_DWR_Site_P8_EMP_Site_2014-2015,RR_DWR_Site_P8_EMP_Site_2014_37.9633_-121.3663,37.9633,-121.3663,10/13/2014,-12.3388,-9.056,-17.8007,22.8,7.86,1596,0.78,4.4,7.92,0.11,2.39,4.5,4.5,0.5,0.47,0.47,904,833000000,15200,12096,0
RR_DWR_Site_P8_EMP_Site,RR_DWR_Site_P8_EMP_Site_2014-2015,RR_DWR_Site_P8_EMP_Site_2014_37.9633_-121.3663,37.9633,-121.3663,10/27/2014,2.0659,-22.8098,-20.7439,19.97,7.3,1366,0.66,6.1,7.45,0.14,2.93,4.1,4.2,0.6,0.42,1.9,760,8170000,6100,95,0
RR_DWR_Site_P8_EMP_Site,RR_DWR_Site_P8_EMP_Site_2014-2015,RR_DWR_Site_P8_EMP_Site_2015_37.9633_-121.3663,37.9633,-121.3663,8/27/2015,2.9149,2.0376,-4.1884,26.61,7.46,1634,0.8,2.6,7.78,0.083,1.88,5.2,5.3,0.56,0.46,0.75,918,277000000,29495,324,0
RR_DWR_Site_P8_EMP_Site,RR_DWR_Site_P8_EMP_Site_2014-2015,RR_DWR_Site_P8_EMP_Site_2015_37.9633_-121.3663,37.9633,-121.3663,9/16/2015,12.7633,-18.2818,-6.4524,24.41,10.05,1501,0.73,6.6,7.67,0.19,2.16,5.3,5.3,0.66,0.42,0.68,843,81600000,2614,294,0
RR_DWR_Site_P8_EMP_Site,RR_DWR_Site_P8_EMP_Site_2014-2015,RR_DWR_Site_P8_EMP_Site_2015_37.9633_-121.3663,37.9633,-121.3663,9/28/2015,2.4904,2.547,-14.5179,23.81,7.39,1272,0.61,5.7,7.59,0.11,2.38,5.1,4.5,0.57,0.42,0.82,705,5070000,3328,12,0
RR_DWR_Site_P8_EMP_Site,RR_DWR_Site_P8_EMP_Site_2016-2019,RR_DWR_Site_P8_EMP_Site_2016_37.97817_-121.3823,37.97817,-121.3823,6/10/2016,-88.862,-88.1262,-35.1203,24.34,6.65,536,0.24,8.5,7.4,0.07,0.69,5.5,4.7,0.4,0.18,0.23,289,26500000,7046,5036,0
RR_DWR_Site_P8_EMP_Site,RR_DWR_Site_P8_EMP_Site_2016-2019,RR_DWR_Site_P8_EMP_Site_2016_37.97817_-121.3823,37.97817,-121.3823,7/12/2016,-165.6116,-102.5026,-89.994,25.69,7.85,484,0.22,6.7,7.67,0.04,0.33,3.9,4,0.5,0.13,0.22,256,988000000,950800,514918,0
RR_DWR_Site_P8_EMP_Site,RR_DWR_Site_P8_EMP_Site_2016-2019,RR_DWR_Site_P8_EMP_Site_2016_37.97817_-121.3823,37.97817,-121.3823,8/9/2016,-102.8705,-108.8701,-117.8695,25.93,7.04,326,0.14,4.8,7.43,0.04,0.2,3.4,3.5,0.1,0.02,0.04,173,1460000000,539798,241188,0.09
RR_DWR_Site_P8_EMP_Site,RR_DWR_Site_P8_EMP_Site_2016-2019,RR_DWR_Site_P8_EMP_Site_2016_37.97817_-121.3823,37.97817,-121.3823,9/9/2016,-15.0273,-27.3095,-102.163,24.1,7.8,282,0.12,3.6,7.4,0.03,0.14,3,3.1,0.2,0.09,0.13,155,7980000000,1099877,672619,0.17
RR_DWR_Site_P8_EMP_Site,RR_DWR_Site_P8_EMP_Site_2016-2019,RR_DWR_Site_P8_EMP_Site_2016_37.97817_-121.3823,37.97817,-121.3823,10/21/2016,9.3673,-29.9414,-0.3396,19.5,7.4,719,0.33,3.9,7.6,0.1,2.1,3.8,3.8,0.4,0.42,0.42,398,93500000,687000,2088,0
RR_DWR_Site_P8_EMP_Site,RR_DWR_Site_P8_EMP_Site_2016-2019,RR_DWR_Site_P8_EMP_Site_2017_37.97817_-121.3823,37.97817,-121.3823,6/16/2017,170.6773,168.8944,245.1629,19.65,8.49,97,0.04,10.8,7.09,0.04,0.23,2.9,3,0.2,0.06,0.06,65,0,35,63,0
RR_DWR_Site_P8_EMP_Site,RR_DWR_Site_P8_EMP_Site_2016-2019,RR_DWR_Site_P8_EMP_Site_2017_37.97817_-121.3823,37.97817,-121.3823,7/17/2017,59.7696,191.025,169.1208,24.06,8.37,192,0.08,10.2,7.11,0.08,0.52,2.8,2.9,0.3,0.12,0.13,108,2370000,318,209,0.266504476
RR_DWR_Site_P8_EMP_Site,RR_DWR_Site_P8_EMP_Site_2016-2019,RR_DWR_Site_P8_EMP_Site_2017_37.97817_-121.3823,37.97817,-121.3823,8/15/2017,32.3186,36.4504,68.9105,22.59,9.41,239,0.1,4.7,7.71,0.02,0.54,2.6,2.7,0.4,0.13,0.13,131,0,518,25,0
RR_DWR_Site_P8_EMP_Site,RR_DWR_Site_P8_EMP_Site_2016-2019,RR_DWR_Site_P8_EMP_Site_2018_37.97817_-121.3823,37.97817,-121.3823,7/9/2018,-5.3487,-15.9046,-4.3016,26.49,7.52,615,0.28,2.9,7.57,0.02,1.09,4,4,0.3,0.23,0.23,331,3750000000,374597,37317,1.134718666
SJ_DWR_Site,SJ_DWR_Site_2014-2015,SJ_DWR_Site_2014_38.0347_-121.4834,38.0347,-121.4834,7/14/2014,-132.9817,-86.4848,-65.9673,24.74,6.6,375,0.17,3.1,7.79,0.01,0.14,2.9,3.1,0.4,0.08,0.13,213,95600000000,42900,6211,1.11
SJ_DWR_Site,SJ_DWR_Site_2014-2015,SJ_DWR_Site_2014_38.0347_-121.4834,38.0347,-121.4834,7/28/2014,-67.2974,-42.7613,-59.5715,25.26,6.58,380,0.17,1.4,7.98,0.03,0.16,3.4,3.4,0.3,0.08,0.11,211,10200000000,63500,16389,0.47
SJ_DWR_Site,SJ_DWR_Site_2014-2015,SJ_DWR_Site_2014_38.0347_-121.4834,38.0347,-121.4834,8/11/2014,-89.5412,-64.3825,1.5282,25.12,7.06,356,0.16,5.7,7.76,0.02,0.14,3.3,3.4,0.4,0.075,0.12,197,332000000,64200,12585,0.82
SJ_DWR_Site,SJ_DWR_Site_2014-2015,SJ_DWR_Site_2014_38.0347_-121.4834,38.0347,-121.4834,8/25/2014,-72.1084,16.3291,-68.3162,23.85,7.96,370,0.16,1.2,8.07,0,0.14,3.3,3.6,0.3,0.06,0.01,211,5640000000,177000,43821,0.7
SJ_DWR_Site,SJ_DWR_Site_2014-2015,SJ_DWR_Site_2014_38.0347_-121.4834,38.0347,-121.4834,9/11/2014,-194.3361,-119.3694,-114.7565,23.21,7.93,381,0.17,1.4,8.11,0.02,0.12,2.9,3.2,0.3,0.08,0.1,220,1240000000,130000,47145,1.13
SJ_DWR_Site,SJ_DWR_Site_2014-2015,SJ_DWR_Site_2014_38.0347_-121.4834,38.0347,-121.4834,9/29/2014,-205.2882,-205.0901,-169.0642,21.92,7.64,393,0.17,12.8,8.17,0.02,0.18,3.1,3.2,0.3,0.09,0.12,218,1340000000,56200,1141,0.29
SJ_DWR_Site,SJ_DWR_Site_2014-2015,SJ_DWR_Site_2014_38.0347_-121.4834,38.0347,-121.4834,10/13/2014,-189.8081,-225.1265,-188.5346,22.17,8.08,530,0.24,0.9,8.16,0.02,0.29,3,3.2,0.2,0.11,0.12,294,950000000,73400,5818,0
SJ_DWR_Site,SJ_DWR_Site_2014-2015,SJ_DWR_Site_2014_38.0347_-121.4834,38.0347,-121.4834,10/27/2014,-147.3015,-150.7541,-194.4776,19.02,7.33,624,0.29,1.3,7.49,0.03,0.46,4.1,4.1,0.3,0.11,0.12,346,628000000,27600,373,0
SJ_DWR_Site,SJ_DWR_Site_2014-2015,SJ_DWR_Site_2015_38.0347_-121.4834,38.0347,-121.4834,8/27/2015,32.6865,45.5064,10.6691,24.6,8.68,647,0.3,1.1,8.18,0.01,0.214,3.7,3.7,0.28,0.095,0.1,356,835000000,4508,2500,0.538574974
SJ_DWR_Site,SJ_DWR_Site_2014-2015,SJ_DWR_Site_2015_38.0347_-121.4834,38.0347,-121.4834,9/16/2015,-32.3752,-127.4066,-145.4903,22.96,8.26,520,0.24,1.4,7.76,0.01,0.18,3.1,3.2,0.24,0.05,0.1,288,90200000,48421,619,0.256922263
SJ_DWR_Site,SJ_DWR_Site_2014-2015,SJ_DWR_Site_2015_38.0347_-121.4834,38.0347,-121.4834,9/28/2015,-45.3932,-75.1648,21.4797,22.94,7.23,625,0.29,1.4,7.64,0.02,0.33,3.3,3.7,0.35,0.1,0.13,346,263000000,19015,1398,0
VC_DWR_Site,VC_DWR_Site_2014-2015,VC_DWR_Site_2014_37.872_-121.5277,37.872,-121.5277,7/14/2014,-26.25957,-23.56824,-13.92077,26.13,7.17,540,0.25,7,7.49,0,0.13,4.2,4.6,0.5,0.09,0.15,301,51700000000,244000,97561,2.99
VC_DWR_Site,VC_DWR_Site_2014-2015,VC_DWR_Site_2014_37.872_-121.5277,37.872,-121.5277,7/28/2014,-15.74612,-13.584,-16.03195,26.06,6.99,525,0.24,6,7.65,0.025,0.15,4.3,4.6,0.4,0.08,0.16,292,4720000000,287000,58455,0.83
VC_DWR_Site,VC_DWR_Site_2014-2015,VC_DWR_Site_2014_37.872_-121.5277,37.872,-121.5277,8/11/2014,-38.9125,-26.98971,-25.00871,25.4,6.64,494,0.22,6.2,7.71,0.04,0.17,4.2,4.4,0.5,0.09,0.12,291,11900000000,228000,37164,0.62
VC_DWR_Site,VC_DWR_Site_2014-2015,VC_DWR_Site_2014_37.872_-121.5277,37.872,-121.5277,8/25/2014,-16.75643,-22.00891,-25.15587,24.3,7.43,487,0.22,8.3,7.82,0.02,0.06,4.1,4.5,0.5,0.07,0.13,275,16900000000,370000,120246,1.13
VC_DWR_Site,VC_DWR_Site_2014-2015,VC_DWR_Site_2014_37.872_-121.5277,37.872,-121.5277,9/11/2014,-32.49972,-22.75603,-29.76877,23.97,7.92,489,0.22,5.9,7.94,0.02,0.03,3.7,3.9,0.2,0.09,0.11,270,3100000000,196000,97728,1.39
VC_DWR_Site,VC_DWR_Site_2014-2015,VC_DWR_Site_2014_37.872_-121.5277,37.872,-121.5277,9/29/2014,-48.14113,-55.90948,-33.26099,22.37,7.17,482,0.22,5.2,8.06,0.03,0.08,3.5,3.6,0.2,0.1,0.11,268,1140000000,80600,7223,0.62
VC_DWR_Site,VC_DWR_Site_2014-2015,VC_DWR_Site_2014_37.872_-121.5277,37.872,-121.5277,10/13/2014,-12.49445,-46.31578,-44.06593,21.44,7.73,547,0.25,4.7,7.83,0.02,0.06,3.3,3.4,0.2,0.09,0.1,306,6070000000,14300,4416,0.3
VC_DWR_Site,VC_DWR_Site_2014-2015,VC_DWR_Site_2014_37.872_-121.5277,37.872,-121.5277,10/27/2014,-3.35921,-8.67961,-46.39502,18.63,8.94,602,0.28,-0.1,7.66,0.02,0.09,3.6,3.6,0.2,0.09,0.1,332,18000000,2270,485,0
VC_DWR_Site,VC_DWR_Site_2014-2015,VC_DWR_Site_2015_37.872_-121.5277,37.872,-121.5277,8/14/2015,-6.24864,-1.51405,-8.71074,24.76,8.02,714,0.33,3.6,7.7,0.02,0.2,4.6,4.7,0.35,0.07,0.12,393.5,380000000,1739,677,0
VC_DWR_Site,VC_DWR_Site_2014-2015,VC_DWR_Site_2015_37.872_-121.5277,37.872,-121.5277,8/27/2015,-14.67355,-1.77724,-3.46958,25.26,7.36,694,0.32,4.7,7.55,0,0.058,4.2,4.3,0.25,0.059,0.09,385,8410000000,27331,1697,0
VC_DWR_Site,VC_DWR_Site_2014-2015,VC_DWR_Site_2015_37.872_-121.5277,37.872,-121.5277,9/16/2015,-22.7532,-40.97557,-10.98323,22.38,8.22,603,0.28,4.5,7.79,0.02,0.13,3.6,3.6,0.23,0.06,0.1,334,154000000,19200,4269,0.324937471
VC_DWR_Site,VC_DWR_Site_2014-2015,VC_DWR_Site_2015_37.872_-121.5277,37.872,-121.5277,9/28/2015,-14.8858,-31.09038,-41.72835,23.33,7.58,609,0.28,3.3,7.54,0.01,0.08,3.4,3.5,0.25,0.07,0.1,336,331000000,14134,982,0
VC_DWR_Site,VC_DWR_Site_2014-2015,VC_DWR_Site_2015_37.872_-121.5277,37.872,-121.5277,10/14/2015,-23.04186,-12.99819,-32.20823,22.32,7.8,631,0.29,1.3,7.58,0.01,0.12,3.4,3.4,0.29,0.07,0.1,349,726000000,4260,18,0.265839546
